,0_0_0_B.csv,1_1_1_B.csv
0_0_0_B.csv,1.521044751387456e-308,11.951136293699658
1_1_1_B.csv,11.951136293699658,1.374771812472657e-308
