,0_0_0_B.csv,1_1_1_B.csv
0_0_0_B.csv,0.0,48.97829938425102
1_1_1_B.csv,48.97829938425102,0.0
