,0_0_0_B.csv,1_1_1_B.csv
0_0_0_B.csv,0.0,81.79926982220438
1_1_1_B.csv,81.79926982220438,0.0
