dimension,birth,death
1,0.0,1.9412664842792395
1,0.0,0.5114581940324534
0,0.0,inf
