dimension,birth,death
1,0.0,4.056533864619194
1,0.0,3.8642423589990003
0,0.0,inf
