dimension,birth,death
1,0.0,1.664937426683153
1,0.0,1.0551821021826413
1,0.0,0.1260461958277368
0,0.0,inf
