,0_0_0_A.csv,1_1_1_A.csv
0_0_0_A.csv,2.094670923038319e-308,inf
1_1_1_A.csv,inf,1.5376406586067197e-308
