dimension,birth,death
1,0.0,1.4230929273211395
1,0.0,0.09021938362485571
0,0.0,inf
