dimension,birth,death
1,0.0,1.322133406636116
1,0.0,0.5835282262701611
1,0.0,0.22805319572123395
0,0.0,inf
