dimension,birth,death
1,0.0,1.9097209739730445
1,0.0,1.268516558156879
0,0.0,inf
