,0_0_0_A.csv,1_1_1_A.csv
0_0_0_A.csv,8.56301399831169e-309,9.801238706001577
1_1_1_A.csv,9.801238706001577,1.081990304532006e-308
