,0_0_0_A.csv,1_1_1_A.csv
0_0_0_A.csv,0.0,69.49122977156662
1_1_1_A.csv,69.49122977156662,0.0
