,0_0_0_B.csv,1_1_1_B.csv
0_0_0_B.csv,1.276726750428981e-308,14.232383231145292
1_1_1_B.csv,14.232383231145292,2.021906605979888e-308
